[
   {
      "semester":"SoSe2019",
      "start":"2019-04-15",
      "end":"2019-07-19"
   },
   {
      "semester":"WiSe2019/2020",
      "start":"2019-10-21",
      "end":"2020-02-07"
   },
   {
      "semester":"SoSe2020",
      "start":"2020-04-20",
      "end":"2020-07-17"
   },
   {
      "semester":"WiSe2020/2021",
      "start":"2020-11-02",
      "end":"2021-02-12"
   },
   {
      "semester":"SoSe2021",
      "start":"2021-04-12",
      "end":"2021-07-16"
   },
   {
      "semester":"WiSe2021/2022",
      "start":"2021-10-25",
      "end":"2022-02-11"
   },
   {
       "semester":"SoSe2022",
       "start":"2022-04-19",
       "end":"2022-07-22"
   },
   {
       "semester":"WiSe2022/2023",
       "start":"2022-10-24",
       "end":"2023-02-10"
   },
   {
       "semester":"SoSe2023",
       "start":"2023-04-11",
       "end":"2023-07-14"
   }
]
